-0.038,719.695,997.868,657.465,1195.273,696.474,761.508,787.689,765.602,1628.623,2123.242,16.9184975,-133.8245573
0.018,719.475,997.624,657.465,1195.273,696.798,761.821,788.038,765.622,1628.277,2120.791,17.21993712,-134.1172115
0.062,717.873,997.624,657.621,1194.585,696.73,762.466,787.804,766.678,1626.582,2127.797,17.19404256,-134.1501546
0.215,719.517,1001.376,658.575,1196.456,697.348,762.923,788.268,766.734,1626.676,2124.053,17.20190256,-134.1483377
0.27,720.18,1000.993,658.831,1197.08,697.348,762.923,788.718,767.905,1628.385,2125.52,17.1910565,-134.0925941
0.314,722.864,1002.365,658.831,1197.08,697.557,762.627,789.643,769.155,1632.666,2128.626,17.22638667,-134.1195877
0.362,722.907,1002.365,659.164,1198.38,698.049,763.742,789.995,770.416,1631.305,2127.391,17.21938422,-134.120943
0.521,724.634,1004.54,660.752,1200.713,698.879,764.543,791.251,770.836,1631.14,2136.51,17.2275165,-134.108948
0.56,726.902,1005.571,660.659,1200.876,698.879,764.543,790.905,770.872,1631.924,2132.481,17.25332444,-134.093825
0.618,727.35,1007.894,660.659,1200.876,698.727,764.877,792.26,771.102,1635.956,2135.72,17.21403513,-134.109455
0.667,732.538,1007.894,661.305,1202.366,699.123,765.223,792.552,772.955,1633.018,2141.238,17.256866,-134.113022
0.816,734.001,1009.173,662.493,1205.117,700.147,765.981,793.577,775.177,1637.207,2140.519,17.21811678,-134.1095587
0.864,737.356,1010.108,662.856,1205.623,700.147,765.981,793.901,775.17,1638.025,2144.967,17.15913667,-134.1167857
0.949,738.664,1012.124,662.856,1205.623,700.155,766.45,794.649,774.823,1639.289,2135.131,17.1986675,-134.1609684
1.021,738.239,1012.124,663.052,1207.392,700.839,767.077,794.884,776.521,1639.969,2142.568,17.217457,-134.110199
1.125,742.605,1014.391,665.236,1210.077,701.644,767.589,796.454,776.924,1639.314,2137.925,17.234536,-134.114334
1.206,742.485,1013.339,665.262,1210.93,701.644,767.589,797.221,778.2,1644.03,2139.187,17.27332525,-134.1496128
1.292,743.023,1014.311,665.262,1210.93,701.445,768.325,797.158,778.628,1645.472,2150.417,17.316368,-134.128799
1.385,746.57,1014.311,665.564,1210.519,701.857,768.613,797.544,779.454,1643.462,2154.688,17.32025989,-134.1927732
1.525,750.164,1016.916,665.564,1210.519,348.539,769.009,799.581,780.798,1643.773,2144.717,17.358627,-134.225647
1.631,751.646,1016.916,666.624,1213.765,702.31,769.074,799.99,781.145,1647.482,2155.304,17.4333245,-134.1563803
1.744,754.081,1020.37,667.993,1217.062,703.738,770.14,801.122,783.148,1650.654,2153.674,17.536812,-134.2206038
1.867,756.17,1020.54,668.397,1217.494,703.738,770.14,801.398,783.287,1650.531,2151.463,17.759552,-134.20665
2.032,755.927,1019.458,668.333,1216.839,703.762,769.672,801.398,783.287,1651.898,2162.252,17.93621513,-134.2213435
2.15,755.899,1021.212,667.678,1215.166,703.762,769.672,802.454,785.398,1648.406,2154.81,18.235237,-134.329757
2.265,754.619,1020.83,667.678,1215.166,703.184,769.55,801.993,784.833,1647.497,2162.225,18.49496489,-134.3246731
2.428,746.037,1008.708,667.678,1215.166,675.118,763.635,796.757,780.636,1637.772,2145.481,19.13177163,-134.3332976
2.558,743.681,1008.708,660.572,1198.676,698.271,762.232,795.452,780.043,1636.182,2133.584,19.551651,-134.361557
2.727,717.229,979.221,660.572,1198.676,337.7,750.572,782.455,768.394,1607.715,2101.653,19.86147825,-134.3717917
2.851,708.114,979.221,644.383,1162.104,686.142,745.819,777.712,763.482,1597.874,2092.276,20.32649713,-134.4456735
2.977,686.359,946.212,625.892,1122.047,672.453,728.25,766.229,753.895,1572.674,2050.866,20.57900425,-134.792549
3.234,674.018,927.791,617.005,1103.563,672.453,728.25,758.524,745.996,1560.338,2033.898,21.60675,-134.5619477
3.444,551.242,927.791,641.426,987.448,622.57,668.161,696.594,689.813,1432.055,1854.231,22.21795825,-134.4866263
3.612,517.101,766.656,540.023,921.469,596.125,635.025,675.276,670.824,1386.909,1796.972,22.75872367,-134.466177
3.699,506.593,754.539,533.062,905.094,596.125,635.025,665.477,663.227,1362.65,1763.106,23.00797713,-134.4807524
3.82,470.454,714.231,508.829,849.5,566.098,593.682,665.477,663.227,1315.805,1705.995,23.32804663,-134.508022
4.026,460.671,702.364,502.557,835.516,566.098,593.682,630.973,639.897,1300.335,1690.744,23.931524,-134.4653779
4.176,418.283,650.893,475.57,775.947,566.098,593.682,572.202,621.776,1220.261,1598.068,24.06043087,-134.5268232
4.279,411.069,644.584,475.57,775.947,534.756,535.96,600.26,619.356,1207.028,1579.937,24.174721,-134.495087
4.378,404.257,644.584,471.139,768.449,529.067,529.599,594.913,616.949,1195.049,1568.895,24.37928975,-134.4706064
4.528,371.903,608.423,471.139,768.449,228.923,506.141,555.952,600.503,1129.633,1520.227,22.582711,-134.855907
4.636,365.087,608.423,448.946,734.88,508.069,501.29,549.181,596.845,1119.447,1504.466,24.76288633,-134.33934
4.749,351.054,588.685,440.168,717.363,495.664,488.666,537.618,590.981,1097.556,1484.317,24.25569788,-134.4217676
4.861,344.486,583.154,437.806,710.977,495.664,488.666,532.631,587.57,1087.601,1482.645,23.49539133,-134.547419
5.026,319.536,559.967,427.886,687.758,478.147,470.056,532.631,587.57,1051.908,1431.813,24.8341225,-134.3912441
5.251,303.994,557.369,429.846,688.988,478.147,470.056,508.859,573.492,1046.297,1427.882,25.87235488,-134.3658083
5.37,236.529,550.439,432.487,687.507,478.147,470.056,479.935,612.561,1022.768,1404.348,23.63092363,-134.504305
5.561,236.403,555.276,432.487,687.507,470.217,460.216,487.49,611.28,1018.819,1394.973,24.47921,-134.6486817
5.735,325.019,550.25,432.487,687.507,447.396,463.069,492.947,616.472,1023.032,1432.606,23.16230856,-134.6091714
5.902,320.136,550.25,424.615,686.008,473.356,462.24,491.562,613.638,1019.252,1424.036,25.2141955,-134.3102648
6.098,268.259,544.212,424.615,686.008,196.738,457.139,486.163,611.146,1011.655,1409.182,23.4188935,-134.5632668
6.211,258.656,544.212,426.819,683.212,467.991,455.509,483.966,608.746,1006.646,1398.522,25.59889933,-134.24646
6.325,222.242,528.196,426.819,683.212,181.975,442.87,468.276,596.067,985.217,1369.186,23.030091,-134.624664
6.422,239.054,528.196,429.51,685.558,464.904,453.22,482.423,609.318,1015.826,1404.999,23.4530815,-134.5266835
6.526,331.637,554.939,428.895,702.813,483.328,470.385,494.794,617.566,1030.602,1446.056,25.25462112,-134.3423115
6.634,336.479,550.215,428.504,698.785,483.328,470.385,504.787,625.617,1041.888,1456.468,23.86108422,-134.5361242
6.8,297.359,546.386,428.504,698.785,478.147,463.771,495.152,617.7,1026.956,1433.737,25.544289,-134.387192
6.92,255.338,538.202,428.504,698.785,440.116,456.526,486.059,610.859,1012.869,1409.98,24.90573012,-134.5158524
7.033,330.303,538.202,431.354,694.97,472.378,461.15,495.206,622.78,1043.612,1466.807,24.871856,-134.426101
7.143,299.732,544.199,425.572,690.559,473.04,458.946,493.24,614.35,1020.944,1414.3,26.40914987,-134.310047
7.318,293.475,546.243,430.682,699.436,473.04,458.946,490.538,614.739,1022.736,1419.453,25.628747,-134.4841542
7.471,354.505,548.161,423.124,692.204,473.04,458.946,485.961,631.193,1044.446,1449.939,27.5663,-134.2278215
7.54,330.665,534.098,423.124,692.204,473.135,458.321,488.811,611.755,1010.054,1417.911,27.01368311,-134.3260922
7.602,328.563,534.098,419.803,678.703,467.944,454.148,485.066,609.428,1009.253,1413.071,26.91666,-134.3643148
7.712,323.709,531.701,418.016,673.975,465.291,450.808,485.468,609.19,1005.507,1411.956,28.07574956,-134.2087571
7.767,319.215,525.947,416.167,669.558,465.291,450.808,481.283,605.896,998.159,1400.674,28.351814,-134.160584
7.812,314.746,523.151,416.167,669.558,462.102,448.463,478.201,602.948,993.541,1389.208,28.21349667,-134.279736
7.861,312.901,523.151,415.586,666.035,459.772,446.242,475.462,601.383,986.545,1378.669,28.18612933,-134.2768807
8.012,309.81,516.582,410.8,655.659,453.211,440.501,471.909,598.186,979.905,1376.098,29.19511056,-134.0860766
8.061,305.126,513.555,409.282,651.764,453.211,440.501,468.919,595.789,973.292,1364.359,28.94891667,-134.2162217
8.114,301.933,509.273,409.282,651.764,450.413,438.129,466.209,592.763,967.775,1362.505,28.59700067,-134.2947537
8.168,297.119,509.273,408.572,648.832,448.359,436.178,463.741,591.995,963.079,1353.088,29.02846925,-134.2414383
8.33,293.418,501.33,403.343,637.452,441.167,429.444,459.076,587.924,954.167,1343.027,29.64159663,-134.1159208
8.379,289.52,496.343,401.025,630.761,441.167,429.444,456.002,584.503,947.214,1331.275,29.2274205,-134.185371
8.422,280.539,488.145,401.025,630.761,436.802,425.628,451.059,580.164,936.072,1317.992,29.29228213,-134.238199
8.465,280.086,488.145,398.682,622.595,431.671,420.896,445.62,576.648,926.841,1307.049,29.71225644,-134.161294
8.635,292.58,472.749,391.955,605.156,421.429,412.013,437.845,570.013,910.817,1304.527,31.07285289,-134.1437629
8.686,287.096,470.218,390.828,601.326,421.429,412.013,435.183,567.515,907.011,1297.669,31.26361867,-134.119013
8.735,275.708,467.405,390.828,601.326,419.08,410.001,433.066,565.779,902.844,1278.229,31.71308478,-133.9475858
8.784,269.308,467.405,390.215,599.398,417.425,408.182,430.964,564.201,897.388,1274.123,32.37782378,-133.8933852
8.95,264.712,455.055,384.034,579.919,406.02,397.949,423.291,557.709,881.012,1252.738,33.350082,-133.771637
9.005,261.422,450.137,382.47,574.024,406.02,397.949,419.53,555.551,874.79,1241.671,33.78972263,-133.7100066
9.06,259.631,446.405,382.47,574.024,402.688,394.11,415.025,556.658,864.534,1230.856,34.66955633,-133.514881
9.13,286.895,446.405,380.853,568.771,400.32,394.717,418.019,564.176,881.329,1269.385,35.69037663,-133.2687114
9.224,277.363,438.309,377.952,563.058,395.688,387.829,409.886,553.07,853.833,1231.477,36.0164025,-133.204681
9.278,275.396,437.282,378.447,562.23,395.688,387.829,409.012,553.481,853.179,1233.729,36.31823012,-133.1559084
9.337,275.147,435.778,378.447,562.23,395.363,387.357,408.813,554.208,850.343,1231.154,36.74403622,-133.0769397
9.392,274.132,435.778,377.863,559.727,393.969,385.837,407.301,552.969,847.973,1226.532,36.917747,-133.1297
9.543,271.073,431.094,374.984,552.315,389.242,381.293,404.853,551.002,843.005,1220.569,36.20579388,-133.2712704
9.598,265.546,427.086,373.012,545.177,389.242,381.293,402.818,550.222,839.468,1204.805,36.5300395,-133.1539733
9.647,259.944,421.05,373.012,545.177,385.121,377.087,399.196,548.349,826.945,1194.095,36.60579575,-133.1652833
9.701,254.159,421.05,369.587,534.895,379.198,371.799,394.791,542.972,816.498,1177.831,36.15194137,-133.3090538
9.823,243.887,404.403,351.446,505.67,366.478,358.6,386.853,534.702,798.814,1146.437,35.59378675,-133.3528363
9.885,239.191,400.3,346.311,496.284,366.478,358.6,382.704,531.173,790.897,1132.504,36.27427233,-133.2588806
9.945,235.916,397.714,346.311,496.284,363.967,355.361,380.042,527.103,786.245,1115.032,37.00512963,-133.1113509
9.996,232.41,397.714,338.995,464.05,365.254,354.342,381.076,531.617,785.71,1091.831,37.7285575,-132.920059
10.139,223.702,387.324,322.927,425.596,352.02,344.981,375.87,526.782,773.568,1051.91,39.73511767,-132.4310557
10.195,219.419,383.344,317.949,414.796,352.02,344.981,373.093,523.192,766.896,1034.011,39.35874925,-132.5263524
10.261,214.719,379.332,317.949,414.796,347.811,342.21,370.351,518.613,761.3,1022.852,38.97090633,-132.664327
10.308,211.482,379.332,313.903,405.373,343.551,339.214,367.058,514.519,754.618,1003.402,39.597382,-132.564437
10.435,208.308,370.182,308.444,419.954,350.847,347.436,366.631,502.84,750.02,1014.241,42.19404244,-131.6056046
10.492,209.104,370.453,309.383,421.379,350.847,347.436,366.786,503.196,750.547,1018.218,42.318566,-131.578781
10.542,210.528,371.268,309.383,421.379,351.581,348.063,368.015,505.765,752.259,1016.912,42.525779,-131.586166
10.587,210.85,371.268,309.739,422.707,351.511,347.891,368.074,505.883,751.717,1019.622,43.23793344,-131.2693833
10.721,213.778,374.134,313.68,430.39,354.884,351.633,370.622,510.826,758.572,1031.718,44.5764235,-130.904114
10.765,216.74,375.631,314.541,432.377,354.884,351.633,373.067,515.064,761.862,1027.783,44.33132,-130.9986216
10.815,216.624,376.595,314.541,432.377,355.125,351.909,374.101,516.29,762.359,1034.77,44.50313978,-130.8645276
10.889,216.934,376.595,314.991,433.561,355.009,351.674,374.113,515.918,761.437,1036.452,45.66908567,-130.4980773
11.016,209.181,367.296,305.872,415.091,347.619,342.8,369.001,506.803,749.609,1018.096,46.01327011,-130.3531918
11.064,202.871,362.566,299.733,404.282,347.619,342.8,361.365,490.282,734.844,989.178,45.87598167,-130.517924
11.114,198.155,359.115,299.733,404.282,342.699,339.292,353.621,449.161,725.388,977.835,46.38759433,-130.338516
11.166,198.381,359.115,295.816,397.623,339.932,337.424,350.081,436.118,721.994,973.538,47.10159267,-130.0462621
11.321,196.364,355.64,291.52,388.009,335.032,332.333,348.17,435.378,716.778,960.547,47.8703465,-129.9086915
11.369,192.771,353.238,288.133,380.415,335.032,332.333,344.958,427.754,710.88,952.085,48.07155975,-129.7641415
11.415,188.713,349.684,288.133,380.415,331.571,329.427,341.012,416.272,704.234,940.741,48.61709422,-129.4607369
11.472,185.528,349.684,284.662,373.242,327.844,326.164,336.228,404.05,692.03,931.288,49.22879225,-129.1978471
11.656,178.156,342.785,274.563,355.005,308.929,306.588,322.867,387.809,674.77,903.143,49.7383195,-128.9493335
11.701,175.226,340.912,272.627,349.777,308.929,306.588,318.68,384.077,666.816,898.783,50.3495865,-128.6153011
11.75,173.684,340.111,272.627,349.777,305.417,303.808,316.231,381.814,663.435,887.233,50.833107,-128.494705
11.791,172.225,340.111,271.084,346.669,302.775,301.662,314.196,378.964,659.873,883.741,50.95374778,-128.3712229
11.922,168.695,335.23,265.965,337.894,295.585,295.486,309.728,374.743,650.941,869.175,51.10992025,-128.3179776
11.964,167.006,334.368,264.843,335.532,295.585,295.486,307.991,372.881,648.644,863.29,51.457375,-128.1753997
12.018,166.309,333.572,264.843,335.532,293.755,293.904,306.706,371.403,644.21,861.229,51.97784538,-127.8773996
12.061,165.07,333.572,263.831,333.952,292.431,292.858,305.44,370.633,642.283,859.51,52.20040867,-127.825745
12.216,163.578,330.234,260.116,327.763,287.2,287.904,302.41,366.67,636.016,847.086,53.35093444,-127.1746469
12.263,161.31,328.44,258.315,324.799,287.2,287.904,300.88,365.278,632.088,846.398,53.96692822,-126.8780101
12.32,158.559,327.021,258.315,324.799,284.891,285.768,298.714,362.453,626.608,835.724,54.570351,-126.5960502
12.366,155.269,327.021,256.45,322.366,282.774,283.568,296.428,360.589,622.94,833.841,54.91444311,-126.3667606
12.509,154.688,324.09,252.913,319.815,280.045,280.206,293.815,358.503,617.613,827.212,55.50732111,-126.0079206
12.563,153.308,323.128,251.68,317.88,280.045,280.206,293.156,357.769,614.256,822.277,55.75703356,-125.8538461
12.614,152.716,321.642,251.68,317.88,278.623,278.785,291.405,355.913,610.608,822.774,56.12704767,-125.627146
12.663,151.705,321.642,250.306,315.706,276.729,277.178,289.897,354.356,607.81,813.33,56.47795089,-125.4841734
12.816,149.737,318.569,245.294,306.248,271.435,273.064,287.042,351.412,602.021,804.762,57.25332567,-124.995994
12.864,147.981,316.837,244.332,304.868,271.435,273.064,285.62,350.017,598.692,796.122,57.38882467,-124.9401397
12.946,147.331,316.662,244.332,304.868,270.255,272.05,284.557,349.196,596.567,793.38,57.8204955,-124.6124725
12.99,147.207,316.662,243.675,303.937,269.495,271.152,283.715,348.027,596.139,791.893,58.14947411,-124.5561151
13.117,145.18,314.611,240.708,299.66,266.108,260.024,297.409,339.325,601.247,784.831,58.914757,-124.079605
13.163,144.61,312.892,239.329,297.75,266.108,260.024,296.394,337.621,599.885,779.565,59.05417356,-123.9867961
13.212,142.293,311.81,239.329,297.75,264.506,258.36,294.709,336.203,595.281,775.11,59.14786856,-123.9430649
13.269,140.598,311.81,237.616,295.604,262.761,256.558,292.703,333.866,590.547,771.238,59.2843595,-123.7968675
13.417,136.739,307.802,232.993,289.52,257.571,251.697,288.555,330.309,582.126,761.025,60.698166,-122.926712
13.461,135.943,306.534,232.003,288.375,257.571,251.697,287.046,328.552,580.243,757.351,61.08299033,-122.642538
13.515,135.025,305.541,232.003,288.375,256.474,250.609,285.745,327.774,577.239,753.328,61.44654511,-122.3802081
13.564,134.242,305.541,231.244,287.207,255.545,249.819,284.846,324.08,575.13,751.933,61.81193267,-122.074753
13.723,131.921,303.27,228.308,283.553,252.392,246.669,282.326,322.013,570.038,744.333,62.97727575,-121.1921078
13.795,130.518,302.654,227.441,282.217,252.392,246.669,280.864,320.492,567.876,742.458,62.8750135,-121.2199711
13.837,131.288,302.15,227.441,282.217,251.391,245.729,279.723,319.599,566.137,742.176,63.12759367,-121.0535654
13.881,130.305,302.15,226.714,281.277,250.527,244.89,278.734,319.392,563.252,737.089,63.76014125,-120.5364308
14.016,128.818,299.603,224.727,278.151,247.912,242.496,276.751,316.959,559.537,733.25,65.49016256,-119.081631
14.068,127.979,299.139,223.81,276.986,247.912,242.496,275.712,316.107,557.362,729.529,66.57822488,-118.175755
14.118,126.801,298.6,223.81,276.986,246.887,241.531,274.44,314.954,555.499,727.858,68.07345625,-117.4869003
14.166,126.195,298.6,222.975,275.982,246.011,240.708,273.497,314.183,552.945,725.368,69.50587322,-114.99901
14.318,125.634,296.978,221.184,273.457,243.847,238.725,271.937,312.602,550.287,722.796,68.780103,-115.4817101
14.364,124.877,296.457,220.156,272.141,243.847,238.725,270.85,311.759,548.417,717.873,69.049202,-115.2940573
14.412,123.378,294.967,220.156,272.141,242.67,237.521,269.466,310.574,545.33,713.571,70.04923089,-114.3972242
14.461,122.592,294.967,218.907,270.539,241.302,236.254,267.845,309.292,541.716,709.041,70.95992833,-113.5236357
14.617,119.317,291.77,215.179,265.663,237.034,232.232,264.657,305.948,535.115,703.1,72.342919,-111.888443
14.665,117.788,290.743,213.998,264.202,237.034,232.232,262.68,304.338,532.586,697.273,73.37098767,-110.8222587
14.714,115.435,289.78,213.998,264.202,235.911,231.233,261.531,303.173,529.215,697.31,74.326589,-109.7067613
14.759,115.181,289.78,213.357,263.348,235.307,230.651,260.918,302.842,528.48,692.146,74.73330878,-109.0116747
14.916,113.553,288.19,210.98,260.185,232.467,227.977,258.81,300.855,524.216,688.395,76.41671067,-107.0152249
14.963,112.101,287.146,209.798,258.641,232.467,227.977,257.485,299.608,520.794,683.48,76.37624533,-106.9587028
15.014,110.001,286.04,209.798,258.641,231.129,226.734,255.715,298.022,517.627,680.095,76.298541,-106.8152977
15.062,107.29,286.04,208.019,256.265,229.071,224.649,253.047,295.3,512.141,671.932,76.57570978,-106.3206739
15.221,101.663,278.607,200.007,246.032,220.421,216.525,245.161,288.933,497.003,653.071,78.28525125,-104.4431321